EVENT_ID,CZ_NAME_STR,BEGIN_DATE,BEGIN_TIME,EVENT_TYPE,Rain Fall (In),DEATHS_DIRECT,INJURIES_DIRECT,DAMAGE_PROPERTY_NUM,DAMAGE_CROPS_NUM,STATE_ABBR,CZ_TIMEZONE,EPISODE_ID,CZ_TYPE,CZ_FIPS,WFO,INJURIES_INDIRECT,DEATHS_INDIRECT,Latitude,Longitude,Wind Speed,Min Pressure,CAT,COUNTY RISK,Total Casualties,Total Cost
5580397,LENOIR (ZONE),7/12/1996,1000,Hurricane (Typhoon),6.28,0,0,600000,15000000,NC,EST,2054534,Z,91,MHX,0,0,31.63,-78.55,77,979,1,3,0,15600000
5579769,WASHINGTON (ZONE),7/12/1996,1000,Hurricane (Typhoon),2.21,0,0,0,1000000,NC,EST,2054534,Z,45,MHX,0,0,31.63,-78.55,77,979,1,2,0,1000000
5580404,EASTERN HYDE (ZONE),7/12/1996,1000,Hurricane (Typhoon),2.11,0,0,50000,0,NC,EST,2054534,Z,104,MHX,0,0,31.63,-78.55,77,979,1,0,0,50000
5579770,TYRRELL (ZONE),7/12/1996,1000,Hurricane (Typhoon),-999,0,0,0,1000000,NC,EST,2054534,Z,46,MHX,0,0,31.63,-78.55,77,979,1,2,0,1000000
5580400,PAMLICO (ZONE),7/12/1996,1000,Hurricane (Typhoon),3.5,0,0,1000000,4100000,NC,EST,2054534,Z,94,MHX,0,0,31.63,-78.55,77,979,1,2,0,5100000
5579768,PITT (ZONE),7/12/1996,1000,Hurricane (Typhoon),4.11,0,0,1000000,0,NC,EST,2054534,Z,44,MHX,0,0,31.63,-78.55,77,979,1,2,0,1000000
5579767,MARTIN (ZONE),7/12/1996,1000,Hurricane (Typhoon),4.1,0,0,50000,0,NC,EST,2054534,Z,29,MHX,0,0,31.63,-78.55,77,979,1,1,0,50000
5580401,CARTERET (ZONE),7/12/1996,1000,Hurricane (Typhoon),3.32,0,0,50000000,6000000,NC,EST,2054534,Z,95,MHX,0,0,31.63,-78.55,77,979,1,3,0,56000000
5579774,WESTERN HYDE (ZONE),7/12/1996,1000,Hurricane (Typhoon),3.6,0,0,500000,2500000,NC,EST,2054534,Z,81,MHX,0,0,31.63,-78.55,77,979,1,2,0,3000000
5579773,BEAUFORT (ZONE),7/12/1996,1000,Hurricane (Typhoon),4.25,0,0,250000,6000000,NC,EST,2054534,Z,80,MHX,0,0,31.63,-78.55,77,979,1,2,0,6250000
5580399,CRAVEN (ZONE),7/12/1996,1000,Hurricane (Typhoon),-999,0,0,12000000,16000000,NC,EST,2054534,Z,93,MHX,0,0,31.63,-78.55,77,979,1,3,0,28000000
5580396,DUPLIN (ZONE),7/12/1996,1000,Hurricane (Typhoon),2.35,0,0,500000,14000000,NC,EST,2054534,Z,90,MHX,0,0,31.63,-78.55,77,979,1,2,0,14500000
5580398,JONES (ZONE),7/12/1996,1000,Hurricane (Typhoon),4.61,0,0,1250000,18900000,NC,EST,2054534,Z,92,MHX,0,0,31.63,-78.55,77,979,1,2,0,20150000
5580403,EASTERN DARE (ZONE),7/12/1996,1000,Hurricane (Typhoon),3.6,1,0,50000,0,NC,EST,2054534,Z,103,MHX,0,0,31.63,-78.55,77,979,1,1,1,50000
5580402,ONSLOW (ZONE),7/12/1996,1000,Hurricane (Typhoon),7,0,10,73000000,30000000,NC,EST,2054534,Z,98,MHX,0,0,31.63,-78.55,77,979,1,3,10,103000000
5579772,GREENE (ZONE),7/12/1996,1000,Hurricane (Typhoon),5.44,0,0,0,12500000,NC,EST,2054534,Z,79,MHX,0,0,31.63,-78.55,77,979,1,2,0,12500000
5564437,BRUNSWICK (ZONE),7/12/1996,1100,Hurricane (Typhoon),4.25,0,0,2000000,9000000,NC,EST,2048315,Z,100,ILM,0,0,32.2,-78.4,85,975,1,2,0,11000000
5564438,NEW HANOVER (ZONE),7/12/1996,1100,Hurricane (Typhoon),5.37,0,0,18000000,1000000,NC,EST,2048316,Z,101,ILM,0,0,32.2,-78.4,85,975,1,3,0,19000000
5564439,PENDER (ZONE),7/12/1996,1400,Hurricane (Typhoon),1.76,0,0,7000000,7500000,NC,EST,2048317,Z,97,ILM,0,0,32.79,-78.32,87,974,1,3,0,14500000
5583536,EASTERN CURRITUCK (ZONE),7/12/1996,1700,Hurricane (Typhoon),-999,0,0,200000,30000,NC,EST,2056604,Z,102,AKQ,0,0,33.6,-78.1,90,974,1,1,0,230000
5580425,LENOIR (ZONE),9/4/1996,1800,Hurricane (Typhoon),7.12,0,0,5000000,0,NC,EST,2054545,Z,91,MHX,0,0,27.7,-75.5,105,952,2,2,0,5000000
5580419,TYRRELL (ZONE),9/4/1996,1800,Hurricane (Typhoon),-999,0,0,50000,0,NC,EST,2054545,Z,46,MHX,0,0,27.7,-75.5,105,952,2,1,0,50000
5580428,PAMLICO (ZONE),9/4/1996,1800,Hurricane (Typhoon),1.15,0,0,3000000,0,NC,EST,2054545,Z,94,MHX,0,0,27.7,-75.5,105,952,2,2,0,3000000
5580417,PITT (ZONE),9/4/1996,1800,Hurricane (Typhoon),3.55,1,1,500000,0,NC,EST,2054545,Z,44,MHX,0,0,27.7,-75.5,105,952,2,2,2,500000
5580430,ONSLOW (ZONE),9/4/1996,1800,Hurricane (Typhoon),3.5,2,2,500000000,0,NC,EST,2054545,Z,98,MHX,0,0,27.7,-75.5,105,952,2,3,4,500000000
5580424,DUPLIN (ZONE),9/4/1996,1800,Hurricane (Typhoon),-999,1,1,50000000,0,NC,EST,2054545,Z,90,MHX,0,0,27.7,-75.5,105,952,2,2,2,50000000
5580421,GREENE (ZONE),9/4/1996,1800,Hurricane (Typhoon),4.57,0,0,8000000,0,NC,EST,2054545,Z,79,MHX,0,0,27.7,-75.5,105,952,2,2,0,8000000
5580416,MARTIN (ZONE),9/4/1996,1800,Hurricane (Typhoon),2.36,0,0,500000,0,NC,EST,2054545,Z,29,MHX,0,0,27.7,-75.5,105,952,2,1,0,500000
5580422,BEAUFORT (ZONE),9/4/1996,1800,Hurricane (Typhoon),2.21,0,0,10000000,0,NC,EST,2054545,Z,80,MHX,0,0,27.7,-75.5,105,952,2,2,0,10000000
5580423,WESTERN HYDE (ZONE),9/4/1996,1800,Hurricane (Typhoon),1.6,0,0,50000,0,NC,EST,2054545,Z,81,MHX,0,0,27.7,-75.5,105,952,2,1,0,50000
5580418,WASHINGTON (ZONE),9/4/1996,1800,Hurricane (Typhoon),2.66,0,0,50000,0,NC,EST,2054545,Z,45,MHX,0,0,27.7,-75.5,105,952,2,1,0,50000
5580427,CRAVEN (ZONE),9/4/1996,1800,Hurricane (Typhoon),4.7,0,0,10000000,0,NC,EST,2054545,Z,93,MHX,0,0,27.7,-75.5,105,952,2,2,0,10000000
5580426,JONES (ZONE),9/4/1996,1800,Hurricane (Typhoon),5.86,0,0,5000000,0,NC,EST,2054545,Z,92,MHX,0,0,27.7,-75.5,105,952,2,2,0,5000000
5580429,CARTERET (ZONE),9/4/1996,1800,Hurricane (Typhoon),4.06,0,0,200000000,0,NC,EST,2054545,Z,95,MHX,0,0,27.7,-75.5,105,952,2,3,0,200000000
5578509,NEW HANOVER (ZONE),9/5/1996,1100,Hurricane (Typhoon),5.32,0,0,200000000,1000000,NC,EST,2054647,Z,101,ILM,0,0,31,-77.2,100,954,2,3,0,201000000
5578528,BRUNSWICK (ZONE),9/5/1996,1100,Hurricane (Typhoon),11.8,0,0,5000000,2000000,NC,EST,2054665,Z,100,ILM,0,0,31,-77.2,100,954,2,3,0,7000000
5578510,PENDER (ZONE),9/5/1996,1200,Hurricane (Typhoon),9,2,0,180000000,46000000,NC,EST,2054648,Z,97,ILM,0,0,31,-77.2,100,954,2,3,2,226000000
5583707,EASTERN CURRITUCK (ZONE),9/5/1996,1800,Hurricane (Typhoon),-999,0,0,1000000,0,NC,EST,2056655,Z,102,AKQ,0,0,32.3,-77.8,100,952,2,1,0,1000000
5660837,EASTERN DARE (ZONE),8/26/1998,0,Hurricane (Typhoon),4.74,0,0,6400000,117000000,NC,EST,2083672,Z,103,MHX,0,0,30.8,-76.4,100,958,2,2,0,123400000
5664278,BRUNSWICK (ZONE),8/26/1998,600,Hurricane (Typhoon),10,0,0,35000000,64000000,NC,EST,2149107,Z,100,ILM,0,0,32.21,-77.62,100,964,2,2,0,99000000
5664368,NEW HANOVER (ZONE),8/26/1998,600,Hurricane (Typhoon),14.4,0,0,26200000,0,NC,EST,2084619,Z,101,ILM,0,0,32.21,-77.62,100,964,2,2,0,26200000
5664367,PENDER (ZONE),8/26/1998,900,Hurricane (Typhoon),9.35,0,0,11000000,6100000,NC,EST,2084618,Z,97,ILM,0,0,32.21,-77.62,100,964,2,2,0,17100000
5664940,BERTIE (ZONE),8/26/1998,2000,Hurricane (Typhoon),1.48,0,0,3400000,0,NC,EST,2148972,Z,30,AKQ,0,0,33.71,-77.75,97,962,2,2,0,3400000
5664942,CHOWAN (ZONE),8/26/1998,2000,Hurricane (Typhoon),0.53,0,0,2000000,0,NC,EST,2148972,Z,31,AKQ,0,0,33.71,-77.75,97,962,2,1,0,2000000
5664945,PASQUOTANK (ZONE),8/26/1998,2000,Hurricane (Typhoon),1.23,0,0,2000000,0,NC,EST,2148972,Z,15,AKQ,0,0,33.71,-77.75,97,962,2,1,0,2000000
5664944,WESTERN CURRITUCK (ZONE),8/26/1998,2000,Hurricane (Typhoon),-999,1,0,2000000,0,NC,EST,2148972,Z,17,AKQ,0,0,33.71,-77.75,97,962,2,1,1,2000000
5664941,CAMDEN (ZONE),8/26/1998,2000,Hurricane (Typhoon),-999,0,0,2000000,0,NC,EST,2148972,Z,16,AKQ,0,0,33.71,-77.75,97,962,2,1,0,2000000
5664946,PERQUIMANS (ZONE),8/26/1998,2000,Hurricane (Typhoon),-999,0,0,2000000,0,NC,EST,2148972,Z,32,AKQ,0,0,33.71,-77.75,97,962,2,1,0,2000000
5666187,WILSON (ZONE),8/27/1998,2000,Hurricane (Typhoon),4.94,0,0,0,50000000,NC,EST,1068389,Z,43,RAH,0,0,33.71,-77.75,97,962,2,1,0,50000000
5713261,BRUNSWICK (ZONE),8/30/1999,0,Hurricane (Typhoon),3.5,0,0,50000,0,NC,EST,2413336,Z,100,ILM,0,0,31.9,-78.1,90,964,1,0,0,50000
5713262,NEW HANOVER (ZONE),8/30/1999,0,Hurricane (Typhoon),5.66,0,0,25000,0,NC,EST,2413336,Z,101,ILM,0,0,31.9,-78.1,90,964,1,0,0,25000
5721783,PASQUOTANK (ZONE),9/1/1999,0,Hurricane (Typhoon),2.83,0,0,5000,0,NC,EST,2413870,Z,15,AKQ,0,0,35.2,-73.6,60,986,0,0,0,5000
5721784,PERQUIMANS (ZONE),9/1/1999,0,Hurricane (Typhoon),-999,0,0,5000,0,NC,EST,2413870,Z,32,AKQ,0,0,35.2,-73.6,60,986,0,0,0,5000
5721782,EASTERN CURRITUCK (ZONE),9/1/1999,0,Hurricane (Typhoon),-999,0,0,5000,0,NC,EST,2413870,Z,102,AKQ,0,0,35.2,-73.6,60,986,0,0,0,5000
5721785,WESTERN CURRITUCK (ZONE),9/1/1999,0,Hurricane (Typhoon),-999,0,0,5000,0,NC,EST,2413870,Z,17,AKQ,0,0,35.2,-73.6,60,986,0,0,0,5000
5721678,CAMDEN (ZONE),9/1/1999,0,Hurricane (Typhoon),-999,0,0,5000,0,NC,EST,2413870,Z,16,AKQ,0,0,35.2,-73.6,60,986,0,0,0,5000
5721677,BERTIE (ZONE),9/1/1999,0,Hurricane (Typhoon),2.83,0,0,5000,0,NC,EST,2413870,Z,30,AKQ,0,0,35.2,-73.6,60,986,0,0,0,5000
5721679,CHOWAN (ZONE),9/1/1999,0,Hurricane (Typhoon),2.25,0,0,5000,0,NC,EST,2413870,Z,31,AKQ,0,0,35.2,-73.6,60,986,0,0,0,5000
5724260,ALAMANCE (ZONE),9/4/1999,2100,Hurricane (Typhoon),3.61,0,0,0,3000000,NC,EST,2414680,Z,23,RAH,0,0,34.8,-76.5,60,984,0,0,0,3000000
5717548,GREENE (ZONE),9/14/1999,2300,Hurricane (Typhoon),15.22,0,0,14000000,20700000,NC,EST,1087386,Z,79,MHX,0,0,26.64,-77.32,111,932,3,0,0,34700000
5717550,LENOIR (ZONE),9/14/1999,2300,Hurricane (Typhoon),12.4,1,0,150000000,160000000,NC,EST,1087386,Z,91,MHX,0,0,26.64,-77.32,111,932,3,2,1,310000000
5717549,JONES (ZONE),9/14/1999,2300,Hurricane (Typhoon),10.77,1,0,0,9800000,NC,EST,1087386,Z,92,MHX,0,0,26.64,-77.32,111,932,3,2,1,9800000
5717558,WESTERN HYDE (ZONE),9/14/1999,2300,Hurricane (Typhoon),1.03,0,0,0,8000000,NC,EST,1087386,Z,81,MHX,0,0,26.64,-77.32,111,932,3,1,0,8000000
5717557,WESTERN DARE (ZONE),9/14/1999,2300,Hurricane (Typhoon),1.03,0,0,4000000,0,NC,EST,1087386,Z,47,MHX,0,0,26.64,-77.32,111,932,3,1,0,4000000
5717556,WASHINGTON (ZONE),9/14/1999,2300,Hurricane (Typhoon),5.1,0,0,24000,3600000,NC,EST,1087386,Z,45,MHX,0,0,26.64,-77.32,111,932,3,1,0,3624000
5717543,CARTERET (ZONE),9/14/1999,2300,Hurricane (Typhoon),2.63,0,0,28000000,4000000,NC,EST,1087386,Z,95,MHX,0,0,26.64,-77.32,111,932,3,1,0,32000000
5717542,BEAUFORT (ZONE),9/14/1999,2300,Hurricane (Typhoon),6.32,0,0,0,5200000,NC,EST,1087386,Z,80,MHX,0,0,26.64,-77.32,111,932,3,2,0,5200000
5717544,CRAVEN (ZONE),9/14/1999,2300,Hurricane (Typhoon),4.09,2,0,1500000,2000000,NC,EST,1087386,Z,93,MHX,0,0,26.64,-77.32,111,932,3,2,2,3500000
5717551,MARTIN (ZONE),9/14/1999,2300,Hurricane (Typhoon),10.95,0,0,0,22000000,NC,EST,1087386,Z,29,MHX,0,0,26.64,-77.32,111,932,3,2,0,22000000
5717545,DUPLIN (ZONE),9/14/1999,2300,Hurricane (Typhoon),13.3,3,0,0,68100000,NC,EST,1087386,Z,90,MHX,0,0,26.64,-77.32,111,932,3,2,3,68100000
5717555,TYRRELL (ZONE),9/14/1999,2300,Hurricane (Typhoon),-999,0,0,0,5000000,NC,EST,1087386,Z,46,MHX,0,0,26.64,-77.32,111,932,3,2,0,5000000
5717554,PITT (ZONE),9/14/1999,2300,Hurricane (Typhoon),10.75,5,0,200000000,96000000,NC,EST,1087386,Z,44,MHX,0,0,26.64,-77.32,111,932,3,3,5,296000000
5717553,PAMLICO (ZONE),9/14/1999,2300,Hurricane (Typhoon),1.7,0,0,0,1000000,NC,EST,1087386,Z,94,MHX,0,0,26.64,-77.32,111,932,3,1,0,1000000
5717552,ONSLOW (ZONE),9/14/1999,2300,Hurricane (Typhoon),4.58,1,0,13100000,8200000,NC,EST,1087386,Z,98,MHX,0,0,26.64,-77.32,111,932,3,3,1,21300000
5720111,PASQUOTANK (ZONE),9/15/1999,1200,Hurricane (Typhoon),2.26,0,0,1700000,17400000,NC,EST,1088396,Z,15,AKQ,0,0,29.3,-78.9,100,943,2,3,0,19100000
5720109,CHOWAN (ZONE),9/15/1999,1200,Hurricane (Typhoon),4.5,0,0,380000,7400000,NC,EST,1088396,Z,31,AKQ,0,0,29.3,-78.9,100,943,2,1,0,7780000
5720107,BERTIE (ZONE),9/15/1999,1200,Hurricane (Typhoon),8.24,0,0,8800000,16600000,NC,EST,1088396,Z,30,AKQ,0,0,29.3,-78.9,100,943,2,2,0,25400000
5720113,WESTERN CURRITUCK (ZONE),9/15/1999,1200,Hurricane (Typhoon),-999,0,0,300000,4300000,NC,EST,1088396,Z,17,AKQ,0,0,29.3,-78.9,100,943,2,1,0,4600000
5720108,CAMDEN (ZONE),9/15/1999,1200,Hurricane (Typhoon),-999,0,0,500000,6200000,NC,EST,1088396,Z,16,AKQ,0,0,29.3,-78.9,100,943,2,1,0,6700000
5720112,PERQUIMANS (ZONE),9/15/1999,1200,Hurricane (Typhoon),-999,0,0,315000,11500000,NC,EST,1088396,Z,32,AKQ,0,0,29.3,-78.9,100,943,2,1,0,11815000
5724413,ALAMANCE (ZONE),9/15/1999,1600,Hurricane (Typhoon),3.75,0,0,3000000000,500000000,NC,EST,1088948,Z,23,RAH,0,0,29.92,-79.06,100,943,2,3,0,3500000000
5717592,NEW HANOVER (ZONE),9/15/1999,1700,Hurricane (Typhoon),14.04,0,0,37000000,0,NC,EST,2412871,Z,101,ILM,0,0,29.92,-79.06,100,943,2,1,0,37000000
5721138,WESTERN CURRITUCK (ZONE),10/17/1999,1600,Hurricane (Typhoon),-999,0,0,5000,0,NC,EST,2413977,Z,17,AKQ,0,0,28.6,-79.9,65,984,0,0,0,5000
5721133,CAMDEN (ZONE),10/17/1999,1600,Hurricane (Typhoon),-999,0,0,5000,0,NC,EST,2413977,Z,16,AKQ,0,0,28.6,-79.9,65,984,0,0,0,5000
5721134,CHOWAN (ZONE),10/17/1999,1600,Hurricane (Typhoon),4.2,0,0,5000,0,NC,EST,2413977,Z,31,AKQ,0,0,28.6,-79.9,65,984,0,0,0,5000
5721136,PASQUOTANK (ZONE),10/17/1999,1600,Hurricane (Typhoon),4.29,0,0,5000,0,NC,EST,2413977,Z,15,AKQ,0,0,28.6,-79.9,65,984,0,0,0,5000
5721137,PERQUIMANS (ZONE),10/17/1999,1600,Hurricane (Typhoon),-999,0,0,5000,0,NC,EST,2413977,Z,32,AKQ,0,0,28.6,-79.9,65,984,0,0,0,5000
5721132,BERTIE (ZONE),10/17/1999,1600,Hurricane (Typhoon),3.47,0,0,3000,0,NC,EST,2413977,Z,30,AKQ,0,0,28.6,-79.9,65,984,0,0,0,3000
5721135,EASTERN CURRITUCK (ZONE),10/17/1999,1600,Hurricane (Typhoon),-999,0,0,3000,0,NC,EST,2413977,Z,102,AKQ,0,0,28.6,-79.9,65,984,0,0,0,3000
5337057,BEAUFORT (ZONE),9/17/2003,1800,Hurricane (Typhoon),4.9,0,0,3600000,9200000,NC,EST,1163016,Z,80,MHX,0,0,30.6,-73,90,955,1,1,0,12800000
5337071,WASHINGTON (ZONE),9/17/2003,1800,Hurricane (Typhoon),7.28,0,0,12000000,0,NC,EST,1163016,Z,45,MHX,0,0,30.6,-73,90,955,1,0,0,12000000
5337069,PITT (ZONE),9/17/2003,1800,Hurricane (Typhoon),5.43,0,0,2000000,0,NC,EST,1163016,Z,44,MHX,0,0,30.6,-73,90,955,1,1,0,2000000
5337068,PAMLICO (ZONE),9/17/2003,1800,Hurricane (Typhoon),5.48,0,0,50000000,5000000,NC,EST,1163016,Z,94,MHX,0,0,30.6,-73,90,955,1,2,0,55000000
5337067,ONSLOW (ZONE),9/17/2003,1800,Hurricane (Typhoon),3.5,0,0,1030000,0,NC,EST,1163016,Z,98,MHX,0,0,30.6,-73,90,955,1,1,0,1030000
5337065,LENOIR (ZONE),9/17/2003,1800,Hurricane (Typhoon),3.23,0,0,200000,0,NC,EST,1163016,Z,91,MHX,0,0,30.6,-73,90,955,1,0,0,200000
5337064,JONES (ZONE),9/17/2003,1800,Hurricane (Typhoon),3.27,0,0,300000,0,NC,EST,1163016,Z,92,MHX,0,0,30.6,-73,90,955,1,0,0,300000
5337063,GREENE (ZONE),9/17/2003,1800,Hurricane (Typhoon),2.6,0,0,770000,0,NC,EST,1163016,Z,79,MHX,0,0,30.6,-73,90,955,1,0,0,770000
5337061,EASTERN DARE (ZONE),9/17/2003,1800,Hurricane (Typhoon),3.77,0,0,347000000,0,NC,EST,1163016,Z,103,MHX,0,0,30.6,-73,90,955,1,2,0,347000000
5337060,DUPLIN (ZONE),9/17/2003,1800,Hurricane (Typhoon),1.45,0,0,200000,50000,NC,EST,1163016,Z,90,MHX,0,0,30.6,-73,90,955,1,0,0,250000
5337059,CRAVEN (ZONE),9/17/2003,1800,Hurricane (Typhoon),5.18,0,0,2500000,0,NC,EST,1163016,Z,93,MHX,0,0,30.6,-73,90,955,1,0,0,2500000
5337058,CARTERET (ZONE),9/17/2003,1800,Hurricane (Typhoon),4,0,0,16000000,0,NC,EST,1163016,Z,95,MHX,0,0,30.6,-73,90,955,1,2,0,16000000
5370976,BERTIE (ZONE),9/18/2003,300,Hurricane (Typhoon),6.02,0,0,2500000,0,NC,EST,1163191,Z,30,AKQ,0,0,31.98,-73.87,90,954,1,1,0,2500000
5370982,WESTERN CURRITUCK (ZONE),9/18/2003,300,Hurricane (Typhoon),-999,0,0,700000,0,NC,EST,1163191,Z,17,AKQ,0,0,31.98,-73.87,90,954,1,1,0,700000
5370981,PERQUIMANS (ZONE),9/18/2003,300,Hurricane (Typhoon),-999,0,0,1500000,0,NC,EST,1163191,Z,32,AKQ,0,0,31.98,-73.87,90,954,1,2,0,1500000
5370980,PASQUOTANK (ZONE),9/18/2003,300,Hurricane (Typhoon),5.4,0,0,4500000,0,NC,EST,1163191,Z,15,AKQ,0,0,31.98,-73.87,90,954,1,2,0,4500000
5370978,CHOWAN (ZONE),9/18/2003,300,Hurricane (Typhoon),7.75,1,0,7600000,0,NC,EST,1163191,Z,31,AKQ,0,0,31.98,-73.87,90,954,1,1,1,7600000
5370977,CAMDEN (ZONE),9/18/2003,300,Hurricane (Typhoon),-999,0,0,99000,0,NC,EST,1163191,Z,16,AKQ,0,0,31.98,-73.87,90,954,1,0,0,99000
5370984,HERTFORD (ZONE),9/18/2003,600,Hurricane (Typhoon),3.56,0,0,1400000,0,NC,EST,1163192,Z,13,AKQ,0,0,33.07,-74.72,90,956,1,1,0,1400000
5370983,GATES (ZONE),9/18/2003,600,Hurricane (Typhoon),-999,0,0,900000,0,NC,EST,1163192,Z,14,AKQ,0,0,33.07,-74.72,90,956,1,1,0,900000
5370985,NORTHAMPTON (ZONE),9/18/2003,600,Hurricane (Typhoon),-999,0,0,1600000,0,NC,EST,1163192,Z,12,AKQ,0,0,33.07,-74.72,90,956,1,1,0,1600000
5337292,CUMBERLAND (ZONE),9/18/2003,900,Hurricane (Typhoon),1.72,0,0,28000,0,NC,EST,1162664,Z,88,RAH,0,0,33.07,-74.72,90,956,1,0,0,28000
5337293,DURHAM (ZONE),9/18/2003,900,Hurricane (Typhoon),1.92,0,0,205000,0,NC,EST,1162664,Z,25,RAH,0,0,33.07,-74.72,90,956,1,0,0,205000
5337294,FRANKLIN (ZONE),9/18/2003,900,Hurricane (Typhoon),1.91,1,0,209000,0,NC,EST,1162664,Z,26,RAH,0,0,33.07,-74.72,90,956,1,1,1,209000
5337299,WAKE (ZONE),9/18/2003,900,Hurricane (Typhoon),2.23,0,0,890000,0,NC,EST,1162664,Z,41,RAH,0,0,33.07,-74.72,90,956,1,1,0,890000
5337290,HALIFAX (ZONE),9/18/2003,900,Hurricane (Typhoon),6.99,0,0,1600000,0,NC,EST,1162664,Z,11,RAH,0,0,33.07,-74.72,90,956,1,2,0,1600000
5337291,EDGECOMBE (ZONE),9/18/2003,900,Hurricane (Typhoon),5.89,0,0,919000,0,NC,EST,1162664,Z,28,RAH,0,0,33.07,-74.72,90,956,1,1,0,919000
5337297,PERSON (ZONE),9/18/2003,900,Hurricane (Typhoon),2.98,0,0,104000,0,NC,EST,1162664,Z,7,RAH,0,0,33.07,-74.72,90,956,1,0,0,104000
5337298,VANCE (ZONE),9/18/2003,900,Hurricane (Typhoon),3.58,0,0,369000,0,NC,EST,1162664,Z,9,RAH,0,0,33.07,-74.72,90,956,1,0,0,369000
5337296,NASH (ZONE),9/18/2003,900,Hurricane (Typhoon),3.03,0,0,809000,0,NC,EST,1162664,Z,27,RAH,0,0,33.07,-74.72,90,956,1,1,0,809000
5337295,GRANVILLE (ZONE),9/18/2003,900,Hurricane (Typhoon),2.85,0,0,254000,0,NC,EST,1162664,Z,8,RAH,0,0,33.07,-74.72,90,956,1,0,0,254000
5337302,WILSON (ZONE),9/18/2003,900,Hurricane (Typhoon),2.61,0,0,1200000,0,NC,EST,1162664,Z,43,RAH,0,0,33.07,-74.72,90,956,1,2,0,1200000
5337300,WARREN (ZONE),9/18/2003,900,Hurricane (Typhoon),4.45,0,0,270000,0,NC,EST,1162664,Z,10,RAH,0,0,33.07,-74.72,90,956,1,0,0,270000
5337301,WAYNE (ZONE),9/18/2003,900,Hurricane (Typhoon),1.54,0,0,436000,0,NC,EST,1162664,Z,78,RAH,0,0,33.07,-74.72,90,956,1,0,0,436000
5421454,EASTERN DARE (ZONE),8/3/2004,0,Hurricane (Typhoon),-999,0,0,2500000,0,NC,EST,1179720,Z,103,MHX,0,0,32.4,-78.2,60,987,0,2,0,2500000
5421452,CARTERET (ZONE),8/3/2004,0,Hurricane (Typhoon),-999,0,0,25000,0,NC,EST,1179720,Z,95,MHX,0,0,32.4,-78.2,60,987,0,0,0,25000
5421456,ONSLOW (ZONE),8/3/2004,0,Hurricane (Typhoon),-999,0,0,5000,0,NC,EST,1179720,Z,98,MHX,0,0,32.4,-78.2,60,987,0,0,0,5000
5421453,CRAVEN (ZONE),8/3/2004,0,Hurricane (Typhoon),-999,0,0,10000,0,NC,EST,1179720,Z,93,MHX,0,0,32.4,-78.2,60,987,0,0,0,10000
5421455,EASTERN HYDE (ZONE),8/3/2004,0,Hurricane (Typhoon),-999,0,0,5000000,0,NC,EST,1179720,Z,104,MHX,0,0,32.4,-78.2,60,987,0,0,0,5000000
5421457,PAMLICO (ZONE),8/3/2004,0,Hurricane (Typhoon),-999,0,0,10000,0,NC,EST,1179720,Z,94,MHX,0,0,32.4,-78.2,60,987,0,2,0,10000
5421511,JONES (ZONE),8/14/2004,0,Hurricane (Typhoon),-999,0,0,50000,300000,NC,EST,1179724,Z,92,MHX,0,0,39,-73.5,20,1012,-1,1,0,350000
5421514,ONSLOW (ZONE),8/14/2004,0,Hurricane (Typhoon),-999,0,0,5000000,500000,NC,EST,1179724,Z,98,MHX,0,0,39,-73.5,20,1012,-1,2,0,5500000
5421515,PAMLICO (ZONE),8/14/2004,0,Hurricane (Typhoon),-999,0,0,50000,200000,NC,EST,1179724,Z,94,MHX,0,0,39,-73.5,20,1012,-1,2,0,250000
5421512,LENOIR (ZONE),8/14/2004,0,Hurricane (Typhoon),-999,0,0,50000,300000,NC,EST,1179724,Z,91,MHX,0,0,39,-73.5,20,1012,-1,1,0,350000
5421510,GREENE (ZONE),8/14/2004,0,Hurricane (Typhoon),-999,0,0,50000,250000,NC,EST,1179724,Z,79,MHX,0,0,39,-73.5,20,1012,-1,1,0,300000
5421506,CRAVEN (ZONE),8/14/2004,0,Hurricane (Typhoon),-999,0,0,525000,75000,NC,EST,1179724,Z,93,MHX,0,0,39,-73.5,20,1012,-1,2,0,600000
5421507,DUPLIN (ZONE),8/14/2004,0,Hurricane (Typhoon),-999,0,0,100000,250000,NC,EST,1179724,Z,90,MHX,0,0,39,-73.5,20,1012,-1,2,0,350000
5421504,BEAUFORT (ZONE),8/14/2004,0,Hurricane (Typhoon),-999,0,0,50000,125000,NC,EST,1179724,Z,80,MHX,0,0,39,-73.5,20,1012,-1,1,0,175000
5421505,CARTERET (ZONE),8/14/2004,0,Hurricane (Typhoon),-999,0,0,250000,50000,NC,EST,1179724,Z,95,MHX,0,0,39,-73.5,20,1012,-1,1,0,300000
5421520,WESTERN HYDE (ZONE),8/14/2004,0,Hurricane (Typhoon),-999,0,0,25000,75000,NC,EST,1179724,Z,81,MHX,0,0,39,-73.5,20,1012,-1,1,0,100000
5421508,EASTERN DARE (ZONE),8/14/2004,0,Hurricane (Typhoon),-999,0,0,100000,0,NC,EST,1179724,Z,103,MHX,0,0,39,-73.5,20,1012,-1,1,0,100000
5421519,WESTERN DARE (ZONE),8/14/2004,0,Hurricane (Typhoon),-999,0,0,25000,50000,NC,EST,1179724,Z,47,MHX,0,0,39,-73.5,20,1012,-1,1,0,75000
5421516,PITT (ZONE),8/14/2004,0,Hurricane (Typhoon),-999,0,0,200000,300000,NC,EST,1179724,Z,44,MHX,0,0,39,-73.5,20,1012,-1,1,0,500000
5421517,TYRRELL (ZONE),8/14/2004,0,Hurricane (Typhoon),-999,0,0,50000,150000,NC,EST,1179724,Z,46,MHX,0,0,39,-73.5,20,1012,-1,1,0,200000
5421518,WASHINGTON (ZONE),8/14/2004,0,Hurricane (Typhoon),-999,0,0,25000,75000,NC,EST,1179724,Z,45,MHX,0,0,39,-73.5,20,1012,-1,1,0,100000
5421509,EASTERN HYDE (ZONE),8/14/2004,0,Hurricane (Typhoon),-999,0,0,50000,0,NC,EST,1179724,Z,104,MHX,0,0,39,-73.5,20,1012,-1,1,0,50000
5421513,MARTIN (ZONE),8/14/2004,0,Hurricane (Typhoon),-999,0,0,25000,150000,NC,EST,1179724,Z,29,MHX,0,0,39,-73.5,20,1012,-1,1,0,175000
5418932,BLADEN (ZONE),8/14/2004,800,Hurricane (Typhoon),-999,0,3,100000,0,NC,EST,1178566,Z,96,ILM,0,0,31.2,-80.25,70,990,0,1,3,100000
5418933,NEW HANOVER (ZONE),8/14/2004,800,Hurricane (Typhoon),-999,0,0,3000000,500000,NC,EST,1178566,Z,101,ILM,0,0,31.2,-80.25,70,990,0,2,0,3500000
5418934,PENDER (ZONE),8/14/2004,800,Hurricane (Typhoon),-999,0,0,875000,0,NC,EST,1178566,Z,97,ILM,0,0,31.2,-80.25,70,990,0,2,0,875000
5418935,COLUMBUS (ZONE),8/14/2004,800,Hurricane (Typhoon),-999,0,0,150000,0,NC,EST,1178566,Z,99,ILM,0,0,31.2,-80.25,70,990,0,1,0,150000
5418931,BRUNSWICK (ZONE),8/14/2004,800,Hurricane (Typhoon),-999,0,0,6300000,2000000,NC,EST,1178566,Z,100,ILM,0,0,31.2,-80.25,70,990,0,2,0,8300000
5479221,PAMLICO (ZONE),9/13/2005,1200,Hurricane (Typhoon),2.1,0,0,0,3000000,NC,EST,1199569,Z,94,MHX,0,0,32.1,-78,60,989,0,2,0,3000000
5479212,CRAVEN (ZONE),9/13/2005,1200,Hurricane (Typhoon),3.7,0,0,500000,2000000,NC,EST,1199569,Z,93,MHX,0,0,32.1,-78,60,989,0,2,0,2500000
5479220,ONSLOW (ZONE),9/13/2005,1200,Hurricane (Typhoon),8.39,0,0,8500000,500000,NC,EST,1199569,Z,98,MHX,0,0,32.1,-78,60,989,0,2,0,9000000
5479210,BEAUFORT (ZONE),9/13/2005,1200,Hurricane (Typhoon),4.44,0,0,50000,0,NC,EST,1199569,Z,80,MHX,0,0,32.1,-78,60,989,0,1,0,50000
5479217,JONES (ZONE),9/13/2005,1200,Hurricane (Typhoon),4.3,0,0,50000,0,NC,EST,1199569,Z,92,MHX,0,0,32.1,-78,60,989,0,0,0,50000
5479211,CARTERET (ZONE),9/13/2005,1200,Hurricane (Typhoon),9.3,0,5,27900000,3000000,NC,EST,1199569,Z,95,MHX,0,0,32.1,-78,60,989,0,3,5,30900000
5479218,LENOIR (ZONE),9/13/2005,1200,Hurricane (Typhoon),2.88,0,0,10000,0,NC,EST,1199569,Z,91,MHX,0,0,32.1,-78,60,989,0,2,0,10000
5479214,EASTERN DARE (ZONE),9/13/2005,1200,Hurricane (Typhoon),1.99,0,0,100000,0,NC,EST,1199569,Z,103,MHX,0,0,32.1,-78,60,989,0,0,0,100000
5479215,EASTERN HYDE (ZONE),9/13/2005,1200,Hurricane (Typhoon),4.16,0,0,50000,0,NC,EST,1199569,Z,104,MHX,0,0,32.1,-78,60,989,0,1,0,50000
5479213,DUPLIN (ZONE),9/13/2005,1200,Hurricane (Typhoon),6.51,0,0,5000000,3000000,NC,EST,1199569,Z,90,MHX,0,0,32.1,-78,60,989,0,2,0,8000000
5478429,BRUNSWICK (ZONE),9/14/2005,600,Hurricane (Typhoon),11.66,0,0,2300000,0,NC,EST,1199627,Z,100,ILM,0,0,32.9,-78,70,980,0,1,0,2300000
5478428,NEW HANOVER (ZONE),9/14/2005,700,Hurricane (Typhoon),6.07,0,0,3600000,0,NC,EST,1199627,Z,101,ILM,0,0,32.9,-78,70,980,0,1,0,3600000
5478483,PENDER (ZONE),9/14/2005,900,Hurricane (Typhoon),9.05,0,0,2400000,0,NC,EST,1199627,Z,97,ILM,0,0,33.14,-77.86,72,980,0,1,0,2400000
344884,PAMLICO (ZONE),8/26/2011,0,Hurricane (Typhoon),9.42,0,0,10000000,10000000,NC,EST-5,57500,Z,94,MHX,0,0,27.7,-77.3,90,946,1,2,0,20000000
344855,CARTERET (ZONE),8/26/2011,0,Hurricane (Typhoon),9.8,0,0,25000000,10000000,NC,EST-5,57500,Z,95,MHX,0,0,27.7,-77.3,90,946,1,2,0,35000000
344887,TYRRELL (ZONE),8/26/2011,0,Hurricane (Typhoon),5.15,0,0,10000000,15000000,NC,EST-5,57500,Z,46,MHX,0,0,27.7,-77.3,90,946,1,2,0,25000000
345318,WESTERN DARE (ZONE),8/26/2011,0,Hurricane (Typhoon),6.56,0,0,5000000,15000000,NC,EST-5,57500,Z,47,MHX,0,0,27.7,-77.3,90,946,1,2,0,20000000
344859,CRAVEN (ZONE),8/26/2011,0,Hurricane (Typhoon),11.25,0,0,10000000,10000000,NC,EST-5,57500,Z,93,MHX,0,0,27.7,-77.3,90,946,1,2,0,20000000
344851,BEAUFORT (ZONE),8/26/2011,0,Hurricane (Typhoon),11.4,0,0,10000000,10000000,NC,EST-5,57500,Z,80,MHX,1,1,27.7,-77.3,90,946,1,2,2,20000000
345321,WESTERN HYDE (ZONE),8/26/2011,0,Hurricane (Typhoon),11.4,0,0,5000000,15000000,NC,EST-5,57500,Z,81,MHX,0,0,27.7,-77.3,90,946,1,2,0,20000000
344863,EASTERN DARE (ZONE),8/26/2011,0,Hurricane (Typhoon),6.56,0,0,10000000,0,NC,EST-5,57500,Z,103,MHX,0,0,27.7,-77.3,90,946,1,2,0,10000000
344865,EASTERN HYDE (ZONE),8/26/2011,0,Hurricane (Typhoon),11.4,0,0,10000000,0,NC,EST-5,57500,Z,104,MHX,0,0,27.7,-77.3,90,946,1,2,0,10000000
342820,EASTERN CURRITUCK (ZONE),8/27/2011,100,Hurricane (Typhoon),11.03,0,0,500000,0,NC,EST-5,57208,Z,102,AKQ,0,0,32.1,-77.1,75,952,1,1,0,500000
342843,WESTERN CURRITUCK (ZONE),8/27/2011,100,Hurricane (Typhoon),11.03,0,0,500000,500000,NC,EST-5,57208,Z,17,AKQ,0,0,32.1,-77.1,75,952,1,1,0,1000000
342817,CAMDEN (ZONE),8/27/2011,100,Hurricane (Typhoon),5.11,0,0,500000,500000,NC,EST-5,57208,Z,16,AKQ,0,0,32.1,-77.1,75,952,1,1,0,1000000
342840,PASQUOTANK (ZONE),8/27/2011,100,Hurricane (Typhoon),4.93,0,0,500000,500000,NC,EST-5,57208,Z,15,AKQ,0,0,32.1,-77.1,75,952,1,1,0,1000000
536939,EASTERN DARE (ZONE),7/3/2014,1200,Hurricane (Typhoon),2.17,0,0,670000,0,NC,EST-5,87288,Z,103,MHX,0,0,31.8,-78.8,80,981,1,1,0,670000
787006,CARTERET (ZONE),9/13/2018,800,Hurricane,14.94,0,0,102800000,0,NC,EST-5,130979,Z,95,MHX,0,0,32.78,-74.66,97,954,2,3,0,102800000
787007,ONSLOW (ZONE),9/13/2018,800,Hurricane,24.07,0,0,34500000,0,NC,EST-5,130979,Z,98,MHX,0,0,32.78,-74.66,97,954,2,2,0,34500000
787008,CRAVEN (ZONE),9/13/2018,800,Hurricane,9.8,0,0,28000000,0,NC,EST-5,130979,Z,93,MHX,0,0,32.78,-74.66,97,954,2,2,0,28000000
786783,INLAND PENDER (ZONE),9/14/2018,600,Hurricane,22.39,0,0,300000000,0,NC,EST-5,130719,Z,105,ILM,0,0,32.78,-74.66,97,954,2,3,0,300000000
786760,INLAND NEW HANOVER (ZONE),9/14/2018,615,Hurricane,21,0,1,1000000000,0,NC,EST-5,130719,Z,107,ILM,0,0,32.78,-74.66,97,954,2,3,1,1000000000
786771,INLAND BRUNSWICK (ZONE),9/14/2018,1235,Hurricane,27.45,0,0,200000,0,NC,EST-5,130719,Z,109,ILM,0,0,33.1,-75.1,95,954,1,1,0,200000
857401,EASTERN CURRITUCK (ZONE),9/5/2019,2300,Hurricane,6.32,0,0,100000,0,NC,EST-5,142899,Z,102,AKQ,0,0,33.04,-78.45,92,957,1,0,0,100000
857402,WESTERN CURRITUCK (ZONE),9/5/2019,2300,Hurricane,6.32,0,0,50000,0,NC,EST-5,142899,Z,17,AKQ,0,0,33.04,-78.45,92,957,1,0,0,50000
5580874,DUPLIN (ZONE),6/18/1996,1300,Tropical Storm,-999,0,0,1000000,0,NC,EST,2054487,Z,90,MHX,0,0,29.7,-78.8,25,1008,-1,0,0,1000000
5579726,DUPLIN (ZONE),6/18/1996,1300,Tropical Storm,-999,0,0,0,1000000,NC,EST,2054494,Z,90,MHX,0,0,29.7,-78.8,25,1008,-1,0,0,1000000
5583725,EASTERN CURRITUCK (ZONE),10/7/1996,1800,Tropical Storm,-999,0,0,100000,0,NC,EST,2056659,Z,102,AKQ,0,0,28.2,-86,60,983,0,0,0,100000
5717403,PAMLICO (ZONE),9/1/1999,0,Tropical Storm,-999,0,0,500000,4000000,NC,EST,2413568,Z,94,MHX,0,0,35.2,-73.6,60,986,0,1,0,4500000
5717402,ONSLOW (ZONE),9/1/1999,0,Tropical Storm,5.75,0,0,200000,1250000,NC,EST,2413568,Z,98,MHX,0,0,35.2,-73.6,60,986,0,1,0,1450000
5717401,MARTIN (ZONE),9/1/1999,0,Tropical Storm,-999,0,0,0,6000000,NC,EST,2413568,Z,29,MHX,0,0,35.2,-73.6,60,986,0,1,0,6000000
5717394,CRAVEN (ZONE),9/1/1999,0,Tropical Storm,9.24,0,0,300000,5000000,NC,EST,2413568,Z,93,MHX,0,0,35.2,-73.6,60,986,0,1,0,5300000
5717393,CARTERET (ZONE),9/1/1999,0,Tropical Storm,9.89,0,0,6300000,3700000,NC,EST,2413568,Z,95,MHX,0,0,35.2,-73.6,60,986,0,1,0,10000000
5717319,BEAUFORT (ZONE),9/1/1999,0,Tropical Storm,-999,0,0,2000000,3000000,NC,EST,2413568,Z,80,MHX,0,0,35.2,-73.6,60,986,0,1,0,5000000
5717399,JONES (ZONE),9/1/1999,0,Tropical Storm,-999,0,0,0,3900000,NC,EST,2413568,Z,92,MHX,0,0,35.2,-73.6,60,986,0,2,0,3900000
5717396,EASTERN DARE (ZONE),9/1/1999,0,Tropical Storm,3.35,0,0,12000000,0,NC,EST,2413568,Z,103,MHX,0,0,35.2,-73.6,60,986,0,1,0,12000000
5717408,WESTERN HYDE (ZONE),9/1/1999,0,Tropical Storm,19.13,0,0,0,10000000,NC,EST,2413568,Z,81,MHX,0,0,35.2,-73.6,60,986,0,1,0,10000000
5717406,WASHINGTON (ZONE),9/1/1999,0,Tropical Storm,-999,0,0,0,3000000,NC,EST,2413568,Z,45,MHX,0,0,35.2,-73.6,60,986,0,1,0,3000000
5316690,EASTERN HYDE (ZONE),9/10/2002,500,Tropical Storm,4.9,0,0,55000,0,NC,EST,1143281,Z,104,MHX,0,0,33,-75.5,50,990,0,0,0,55000
5316597,EASTERN DARE (ZONE),9/10/2002,500,Tropical Storm,4.72,0,0,57000,0,NC,EST,1143281,Z,103,MHX,0,0,33,-75.5,50,990,0,0,0,57000
5316691,CARTERET (ZONE),9/10/2002,500,Tropical Storm,-999,0,0,2000,0,NC,EST,1143281,Z,95,MHX,0,0,33,-75.5,50,990,0,0,0,2000
5337314,CASWELL (ZONE),9/18/2003,1330,Tropical Storm,1.95,0,0,150000,0,NC,EST,1162666,Z,6,RNK,0,0,33.7,-75.2,90,956,1,0,0,150000
5337313,ROCKINGHAM (ZONE),9/18/2003,1400,Tropical Storm,-999,0,0,100000,0,NC,EST,1162666,Z,5,RNK,0,0,33.7,-75.2,90,956,1,0,0,100000
5337312,STOKES (ZONE),9/18/2003,1630,Tropical Storm,-999,0,0,50000,0,NC,EST,1162666,Z,4,RNK,0,0,33.7,-75.2,90,956,1,0,0,50000
5421647,CLAY (ZONE),9/16/2004,1840,Tropical Storm,-999,0,0,15000,0,NC,EST,1179785,Z,61,MRX,0,0,32.5,-87.4,50,975,0,2,0,15000
5421648,CHEROKEE (ZONE),9/16/2004,1845,Tropical Storm,-999,0,0,15000,0,NC,EST,1179786,Z,60,MRX,0,0,32.5,-87.4,50,975,0,0,0,15000
5525833,WESTERN HYDE (ZONE),8/31/2006,1200,Tropical Storm,-999,0,0,10000,0,NC,EST,1218288,Z,81,MHX,0,0,30.6,-79.9,55,995,0,0,0,10000
5525830,TYRRELL (ZONE),8/31/2006,1200,Tropical Storm,-999,0,0,10000,0,NC,EST,1218288,Z,46,MHX,0,0,30.6,-79.9,55,995,0,0,0,10000
5525831,WASHINGTON (ZONE),8/31/2006,1200,Tropical Storm,-999,0,0,10000,0,NC,EST,1218288,Z,45,MHX,0,0,30.6,-79.9,55,995,0,0,0,10000
5525832,WESTERN DARE (ZONE),8/31/2006,1200,Tropical Storm,-999,0,0,10000,0,NC,EST,1218288,Z,47,MHX,0,0,30.6,-79.9,55,995,0,0,0,10000
5525817,BEAUFORT (ZONE),8/31/2006,1200,Tropical Storm,-999,0,0,100000,0,NC,EST,1218288,Z,80,MHX,0,0,30.6,-79.9,55,995,0,0,0,100000
5525818,CARTERET (ZONE),8/31/2006,1200,Tropical Storm,-999,0,0,50000,0,NC,EST,1218288,Z,95,MHX,0,0,30.6,-79.9,55,995,0,0,0,50000
5525819,CRAVEN (ZONE),8/31/2006,1200,Tropical Storm,-999,0,0,25000,1200000,NC,EST,1218288,Z,93,MHX,0,0,30.6,-79.9,55,995,0,1,0,1225000
5525820,DUPLIN (ZONE),8/31/2006,1200,Tropical Storm,-999,0,0,100000,14000000,NC,EST,1218288,Z,90,MHX,0,0,30.6,-79.9,55,995,0,2,0,14100000
5525821,EASTERN DARE (ZONE),8/31/2006,1200,Tropical Storm,-999,0,0,50000,0,NC,EST,1218288,Z,103,MHX,0,0,30.6,-79.9,55,995,0,1,0,50000
5525822,EASTERN HYDE (ZONE),8/31/2006,1200,Tropical Storm,-999,0,0,10000,0,NC,EST,1218288,Z,104,MHX,0,0,30.6,-79.9,55,995,0,1,0,10000
5525823,GREENE (ZONE),8/31/2006,1200,Tropical Storm,-999,0,0,25000,1000000,NC,EST,1218288,Z,79,MHX,0,0,30.6,-79.9,55,995,0,1,0,1025000
5525824,JONES (ZONE),8/31/2006,1200,Tropical Storm,-999,0,0,125000,5000000,NC,EST,1218288,Z,92,MHX,0,0,30.6,-79.9,55,995,0,2,0,5125000
5525825,LENOIR (ZONE),8/31/2006,1200,Tropical Storm,-999,0,0,75000,1000000,NC,EST,1218288,Z,91,MHX,0,0,30.6,-79.9,55,995,0,1,0,1075000
5525826,MARTIN (ZONE),8/31/2006,1200,Tropical Storm,-999,0,0,25000,0,NC,EST,1218288,Z,29,MHX,0,0,30.6,-79.9,55,995,0,0,0,25000
5525827,ONSLOW (ZONE),8/31/2006,1200,Tropical Storm,-999,0,1,500000,0,NC,EST,1218288,Z,98,MHX,0,0,30.6,-79.9,55,995,0,1,1,500000
5525828,PAMLICO (ZONE),8/31/2006,1200,Tropical Storm,-999,0,0,10000,0,NC,EST,1218288,Z,94,MHX,0,0,30.6,-79.9,55,995,0,1,0,10000
5525829,PITT (ZONE),8/31/2006,1200,Tropical Storm,-999,0,0,25000,0,NC,EST,1218288,Z,44,MHX,0,0,31.9,-79.2,60,993,0,0,0,25000
5529209,BRUNSWICK (ZONE),8/31/2006,1830,Tropical Storm,-999,0,0,0,355000,NC,EST,1218621,Z,100,ILM,0,0,31.9,-79.2,60,993,0,1,0,355000
5529130,NEW HANOVER (ZONE),8/31/2006,1830,Tropical Storm,-999,0,0,0,47000,NC,EST,1218621,Z,101,ILM,0,0,31.9,-79.2,60,993,0,0,0,47000
5529129,PENDER (ZONE),8/31/2006,1830,Tropical Storm,-999,0,0,0,1200000,NC,EST,1218621,Z,97,ILM,0,0,31.9,-79.2,60,993,0,1,0,1200000
5529210,COLUMBUS (ZONE),8/31/2006,1830,Tropical Storm,-999,0,0,0,2900000,NC,EST,1218621,Z,99,ILM,0,0,31.9,-79.2,60,993,0,2,0,2900000
5531536,SAMPSON (ZONE),9/1/2006,200,Tropical Storm,-999,0,0,0,14000000,NC,EST,1220721,Z,89,RAH,0,0,33.76,-78.14,60,985,0,2,0,14000000
5531538,WAYNE (ZONE),9/1/2006,300,Tropical Storm,-999,0,0,0,1600000,NC,EST,1220723,Z,78,RAH,0,0,33.9,-78.1,60,985,0,1,0,1600000
5531544,NASH (ZONE),9/1/2006,500,Tropical Storm,-999,0,0,0,985000,NC,EST,1220729,Z,27,RAH,0,0,34.5,-78,50,985,0,1,0,985000
139263,EASTERN DARE (ZONE),9/5/2008,1200,Tropical Storm,1.04,0,0,10000,0,NC,EST-5,23869,Z,103,MHX,0,0,28.2,-78.5,55,980,0,0,0,10000
139271,GREENE (ZONE),9/5/2008,1200,Tropical Storm,-999,0,0,10000,0,NC,EST-5,23869,Z,79,MHX,0,0,28.2,-78.5,55,980,0,0,0,10000
139264,BEAUFORT (ZONE),9/5/2008,1200,Tropical Storm,1.08,0,0,20000,0,NC,EST-5,23869,Z,80,MHX,0,0,28.2,-78.5,55,980,0,0,0,20000
139265,WASHINGTON (ZONE),9/5/2008,1200,Tropical Storm,-999,0,0,10000,0,NC,EST-5,23869,Z,45,MHX,0,0,28.2,-78.5,55,980,0,0,0,10000
139266,JONES (ZONE),9/5/2008,1200,Tropical Storm,-999,0,0,20000,0,NC,EST-5,23869,Z,92,MHX,0,0,28.2,-78.5,55,980,0,0,0,20000
139268,CRAVEN (ZONE),9/5/2008,1200,Tropical Storm,0.81,0,0,10000,0,NC,EST-5,23869,Z,93,MHX,0,0,28.2,-78.5,55,980,0,0,0,10000
139260,ONSLOW (ZONE),9/5/2008,1200,Tropical Storm,1.32,0,0,20000,0,NC,EST-5,23869,Z,98,MHX,0,0,28.2,-78.5,55,980,0,0,0,20000
139267,PITT (ZONE),9/5/2008,1200,Tropical Storm,-999,0,0,10000,0,NC,EST-5,23869,Z,44,MHX,0,0,28.2,-78.5,55,980,0,0,0,10000
139269,LENOIR (ZONE),9/5/2008,1200,Tropical Storm,-999,0,0,10000,0,NC,EST-5,23869,Z,91,MHX,0,0,28.2,-78.5,55,980,0,0,0,10000
139272,MARTIN (ZONE),9/5/2008,1200,Tropical Storm,-999,0,0,10000,0,NC,EST-5,23869,Z,29,MHX,0,0,28.2,-78.5,55,980,0,0,0,10000
139273,TYRRELL (ZONE),9/5/2008,1200,Tropical Storm,-999,0,0,10000,0,NC,EST-5,23869,Z,46,MHX,0,0,28.2,-78.5,55,980,0,0,0,10000
136675,CAMDEN (ZONE),9/6/2008,400,Tropical Storm,-999,0,0,5000,0,NC,EST-5,23391,Z,16,AKQ,0,0,32.36,-79.13,60,980,0,0,0,5000
136676,CHOWAN (ZONE),9/6/2008,400,Tropical Storm,-999,0,0,5000,0,NC,EST-5,23391,Z,31,AKQ,0,0,32.36,-79.13,60,980,0,0,0,5000
136677,EASTERN CURRITUCK (ZONE),9/6/2008,400,Tropical Storm,-999,0,0,10000,0,NC,EST-5,23391,Z,102,AKQ,0,0,32.36,-79.13,60,980,0,0,0,10000
136683,PASQUOTANK (ZONE),9/6/2008,400,Tropical Storm,-999,0,0,5000,0,NC,EST-5,23391,Z,15,AKQ,0,0,32.36,-79.13,60,980,0,0,0,5000
136684,PERQUIMANS (ZONE),9/6/2008,400,Tropical Storm,-999,0,0,5000,0,NC,EST-5,23391,Z,32,AKQ,0,0,32.36,-79.13,60,980,0,0,0,5000
136685,WESTERN CURRITUCK (ZONE),9/6/2008,400,Tropical Storm,-999,0,0,10000,0,NC,EST-5,23391,Z,17,AKQ,0,0,32.36,-79.13,60,980,0,0,0,10000
344889,WASHINGTON (ZONE),8/26/2011,0,Tropical Storm,13.11,0,0,500000,15000000,NC,EST-5,57500,Z,45,MHX,0,0,27.7,-77.3,90,946,1,2,0,15500000
344885,PITT (ZONE),8/26/2011,0,Tropical Storm,12.32,2,0,10000000,38000000,NC,EST-5,57500,Z,44,MHX,0,0,27.7,-77.3,90,946,1,3,2,48000000
344867,GREENE (ZONE),8/26/2011,0,Tropical Storm,11.2,0,0,10000000,10000000,NC,EST-5,57500,Z,79,MHX,0,0,27.7,-77.3,90,946,1,2,0,20000000
344871,JONES (ZONE),8/26/2011,0,Tropical Storm,10.68,0,0,8000000,20000000,NC,EST-5,57500,Z,92,MHX,0,0,27.7,-77.3,90,946,1,2,0,28000000
344877,LENOIR (ZONE),8/26/2011,0,Tropical Storm,13.61,0,0,10000000,20000000,NC,EST-5,57500,Z,91,MHX,0,0,27.7,-77.3,90,946,1,3,0,30000000
344879,MARTIN (ZONE),8/26/2011,0,Tropical Storm,14.27,0,0,2000000,10000000,NC,EST-5,57500,Z,29,MHX,0,0,27.7,-77.3,90,946,1,2,0,12000000
344881,ONSLOW (ZONE),8/26/2011,0,Tropical Storm,11.7,0,0,10000000,15700000,NC,EST-5,57500,Z,98,MHX,0,1,27.7,-77.3,90,946,1,3,1,25700000
344861,DUPLIN (ZONE),8/26/2011,0,Tropical Storm,-999,0,0,10000000,10000000,NC,EST-5,57500,Z,90,MHX,0,0,27.7,-77.3,90,946,1,3,0,20000000
343869,COASTAL BRUNSWICK (ZONE),8/26/2011,1830,Tropical Storm,8.33,0,0,100000,0,NC,EST-5,57364,Z,110,ILM,0,0,31.1,-77.5,80,950,1,1,0,100000
343870,INLAND BRUNSWICK (ZONE),8/26/2011,1830,Tropical Storm,8.33,0,0,50000,0,NC,EST-5,57364,Z,109,ILM,0,0,31.1,-77.5,80,950,1,0,0,50000
343840,INLAND NEW HANOVER (ZONE),8/26/2011,1850,Tropical Storm,-999,0,0,1500000,0,NC,EST-5,57364,Z,107,ILM,0,0,31.1,-77.5,80,950,1,1,0,1500000
343835,COASTAL NEW HANOVER (ZONE),8/26/2011,1850,Tropical Storm,-999,0,0,1500000,0,NC,EST-5,57364,Z,108,ILM,0,0,31.1,-77.5,80,950,1,1,0,1500000
343850,COASTAL PENDER (ZONE),8/26/2011,2000,Tropical Storm,-999,0,0,1000000,0,NC,EST-5,57364,Z,106,ILM,0,0,31.59,-77.33,77,951,1,1,0,1000000
343851,INLAND PENDER (ZONE),8/26/2011,2000,Tropical Storm,-999,0,0,200000,0,NC,EST-5,57364,Z,105,ILM,0,0,31.59,-77.33,77,951,1,0,0,200000
342666,BERTIE (ZONE),8/27/2011,100,Tropical Storm,10.07,0,0,800000,5000000,NC,EST-5,57094,Z,30,AKQ,0,0,32.1,-77.1,75,952,1,2,0,5800000
342733,CHOWAN (ZONE),8/27/2011,100,Tropical Storm,-999,0,0,500000,1000000,NC,EST-5,57094,Z,31,AKQ,0,0,32.1,-77.1,75,952,1,2,0,1500000
342766,GATES (ZONE),8/27/2011,100,Tropical Storm,-999,0,0,500000,5000000,NC,EST-5,57094,Z,14,AKQ,0,0,32.1,-77.1,75,952,1,2,0,5500000
342782,HERTFORD (ZONE),8/27/2011,100,Tropical Storm,-999,0,0,500000,14000000,NC,EST-5,57094,Z,13,AKQ,0,0,32.1,-77.1,75,952,1,2,0,14500000
342792,NORTHAMPTON (ZONE),8/27/2011,100,Tropical Storm,-999,0,0,1700000,10500000,NC,EST-5,57094,Z,12,AKQ,0,0,32.1,-77.1,75,952,1,2,0,12200000
342797,PERQUIMANS (ZONE),8/27/2011,100,Tropical Storm,-999,0,0,500000,1000000,NC,EST-5,57094,Z,32,AKQ,0,0,32.1,-77.1,75,952,1,2,0,1500000
344888,ROCKINGHAM (ZONE),8/27/2011,800,Tropical Storm,-999,0,0,3000,0,NC,EST-5,57501,Z,5,RNK,0,0,34.09,-76.7,75,952,1,0,0,3000
344886,CASWELL (ZONE),8/27/2011,900,Tropical Storm,-999,0,0,2700,0,NC,EST-5,57501,Z,6,RNK,0,0,34.09,-76.7,75,952,0,0,0,2700
537735,EASTERN CURRITUCK (ZONE),7/4/2014,0,Tropical Storm,-999,0,0,10000,0,NC,EST-5,89214,Z,102,AKQ,0,0,34,-77.3,85,975,1,0,0,10000
660836,EASTERN CURRITUCK (ZONE),9/2/2016,1100,Tropical Storm,-999,0,0,10000,0,NC,EST-5,110352,Z,102,AKQ,0,0,31.4,-82.8,50,989,0,0,0,10000
660835,WESTERN CURRITUCK (ZONE),9/2/2016,1100,Tropical Storm,-999,0,0,5000,0,NC,EST-5,110352,Z,17,AKQ,0,0,31.4,-82.8,50,989,0,0,0,5000
661228,COASTAL NEW HANOVER (ZONE),9/2/2016,1530,Tropical Storm,7.86,0,0,25000,0,NC,EST-5,110738,Z,108,ILM,0,0,31.9,-82.04,50,989,0,0,0,25000
661238,ROBESON (ZONE),9/2/2016,1700,Tropical Storm,5.07,0,0,1000,0,NC,EST-5,110738,Z,87,ILM,0,0,32.4,-81.2,50,990,0,0,0,1000
657629,EASTERN DARE (ZONE),9/2/2016,1800,Tropical Storm,6.12,0,0,5400000,0,NC,EST-5,109780,Z,103,MHX,0,0,32.4,-81.2,50,990,0,0,0,5400000
656757,CARTERET (ZONE),9/2/2016,1800,Tropical Storm,8.66,0,0,5000,0,NC,EST-5,109780,Z,95,MHX,0,0,32.4,-81.2,50,990,0,0,0,5000
660159,STANLY (ZONE),9/2/2016,1830,Tropical Storm,-999,0,0,10000,0,NC,EST-5,110529,Z,73,RAH,0,0,32.4,-81.2,50,990,0,0,0,10000
660119,ANSON (ZONE),9/2/2016,1830,Tropical Storm,-999,0,0,10000,0,NC,EST-5,110529,Z,83,RAH,0,0,32.4,-81.2,50,990,0,0,0,10000
660124,MONTGOMERY (ZONE),9/2/2016,1835,Tropical Storm,-999,0,0,10000,0,NC,EST-5,110529,Z,74,RAH,0,0,32.4,-81.2,50,990,0,0,0,10000
660155,RICHMOND (ZONE),9/2/2016,1835,Tropical Storm,-999,0,0,2500,0,NC,EST-5,110529,Z,84,RAH,0,0,32.4,-81.2,50,990,0,0,0,2500
660122,HOKE (ZONE),9/2/2016,1840,Tropical Storm,-999,0,0,10000,0,NC,EST-5,110529,Z,86,RAH,0,0,32.4,-81.2,50,990,0,0,0,10000
660120,CUMBERLAND CO.,9/2/2016,1840,Tropical Storm,-999,0,0,10000,0,NC,EST-5,110529,C,51,RAH,0,0,32.4,-81.2,50,990,0,0,0,10000
660158,SCOTLAND (ZONE),9/2/2016,1840,Tropical Storm,-999,0,0,10000,0,NC,EST-5,110529,Z,85,RAH,0,0,32.4,-81.2,50,990,0,0,0,10000
660123,LEE (ZONE),9/2/2016,1845,Tropical Storm,-999,0,0,10000,0,NC,EST-5,110529,Z,76,RAH,0,0,32.98,-80.23,50,990,0,0,0,10000
661236,ROBESON (ZONE),9/2/2016,2045,Tropical Storm,5.07,0,0,10000,0,NC,EST-5,110738,Z,87,ILM,0,0,32.98,-80.23,50,990,0,0,0,10000
660125,MOORE (ZONE),9/2/2016,2100,Tropical Storm,-999,0,0,10000,0,NC,EST-5,110529,Z,75,RAH,0,0,32.98,-80.23,50,990,0,0,0,10000
660157,SAMPSON (ZONE),9/2/2016,2120,Tropical Storm,-999,0,0,10000,0,NC,EST-5,110529,Z,89,RAH,0,0,32.98,-80.23,50,990,0,0,0,10000
660160,WAKE (ZONE),9/2/2016,2245,Tropical Storm,-999,0,0,20000,0,NC,EST-5,110529,Z,41,RAH,0,0,32.98,-80.23,50,990,0,0,0,20000
660161,WILSON (ZONE),9/3/2016,850,Tropical Storm,-999,0,0,5000,0,NC,EST-5,110529,Z,43,RAH,0,0,35.43,-76.3,57,994,0,0,0,5000
663564,COLUMBUS (ZONE),10/8/2016,500,Tropical Storm,13.87,1,0,91000000,0,NC,EST-5,110904,Z,99,ILM,0,0,34.7,-76,70,983,0,2,1,91000000
787009,BEAUFORT (ZONE),9/13/2018,800,Tropical Storm,-999,0,0,4240000,0,NC,EST-5,130979,Z,80,MHX,0,0,32.78,-74.66,97,954,2,0,0,4240000
787010,PAMLICO (ZONE),9/13/2018,800,Tropical Storm,14.32,0,0,29900000,0,NC,EST-5,130979,Z,94,MHX,0,0,32.78,-74.66,97,954,2,2,0,29900000
787005,DUPLIN (ZONE),9/13/2018,800,Tropical Storm,26.26,0,0,98300000,0,NC,EST-5,130979,Z,90,MHX,0,0,32.78,-74.66,97,954,2,2,0,98300000
787018,WASHINGTON (ZONE),9/13/2018,800,Tropical Storm,-999,0,0,14000,0,NC,EST-5,130979,Z,45,MHX,0,0,32.78,-74.66,97,954,2,0,0,14000
787015,TYRRELL (ZONE),9/13/2018,800,Tropical Storm,-999,0,0,1170000,0,NC,EST-5,130979,Z,46,MHX,0,0,32.78,-74.66,97,954,2,1,0,1170000
787013,WESTERN HYDE (ZONE),9/13/2018,800,Tropical Storm,-999,0,0,13800000,0,NC,EST-5,130979,Z,81,MHX,0,0,32.78,-74.66,97,954,2,2,0,13800000
787016,GREENE (ZONE),9/13/2018,800,Tropical Storm,11.4,0,0,200000,0,NC,EST-5,130979,Z,79,MHX,0,0,32.78,-74.66,97,954,2,0,0,200000
787012,LENOIR (ZONE),9/13/2018,800,Tropical Storm,18.36,0,0,43200000,0,NC,EST-5,130979,Z,91,MHX,0,0,32.78,-74.66,97,954,2,2,0,43200000
787011,JONES (ZONE),9/13/2018,800,Tropical Storm,-999,0,0,32800000,0,NC,EST-5,130979,Z,92,MHX,0,0,32.78,-74.66,97,954,2,2,0,32800000
785729,HARNETT (ZONE),9/13/2018,1600,Tropical Storm,12.01,0,0,1000000,0,NC,EST-5,131166,Z,77,RAH,0,0,33.37,-75.58,92,953,1,1,0,1000000
787175,WILSON (ZONE),9/13/2018,1600,Tropical Storm,10.82,0,0,1000000,0,NC,EST-5,131166,Z,43,RAH,0,0,33.37,-75.58,92,953,1,1,0,1000000
785718,HOKE (ZONE),9/13/2018,1600,Tropical Storm,13.27,0,0,1000000,0,NC,EST-5,131166,Z,86,RAH,0,0,33.37,-75.58,92,953,1,1,0,1000000
787172,JOHNSTON (ZONE),9/13/2018,1600,Tropical Storm,-999,0,0,1000000,0,NC,EST-5,131166,Z,42,RAH,0,0,33.37,-75.58,92,953,1,1,0,1000000
785716,WAYNE (ZONE),9/13/2018,1600,Tropical Storm,25.18,0,0,1000000,0,NC,EST-5,131166,Z,78,RAH,0,1,33.37,-75.58,92,953,1,1,1,1000000
785715,CUMBERLAND (ZONE),9/13/2018,1600,Tropical Storm,18.38,0,0,1500000,0,NC,EST-5,131166,Z,88,RAH,0,2,33.37,-75.58,92,953,1,1,2,1500000
787187,NASH (ZONE),9/13/2018,1600,Tropical Storm,8.56,0,0,500000,0,NC,EST-5,131166,Z,27,RAH,0,0,33.37,-75.58,92,953,1,1,0,500000
787174,SCOTLAND (ZONE),9/13/2018,1600,Tropical Storm,19.66,0,0,1000000,0,NC,EST-5,131166,Z,85,RAH,0,0,33.37,-75.58,92,953,1,1,0,1000000
785711,SAMPSON (ZONE),9/13/2018,1600,Tropical Storm,15.22,0,0,1000000,0,NC,EST-5,131166,Z,89,RAH,0,2,33.37,-75.58,92,953,1,1,2,1000000
787185,EDGECOMBE (ZONE),9/13/2018,1600,Tropical Storm,-999,0,0,500000,0,NC,EST-5,131166,Z,28,RAH,0,0,33.37,-75.58,92,953,1,1,0,500000
787173,LEE (ZONE),9/13/2018,2300,Tropical Storm,12.07,0,0,1000000,0,NC,EST-5,131166,Z,76,RAH,0,0,33.82,-76.27,90,952,1,0,0,1000000
787192,CHATHAM (ZONE),9/13/2018,2300,Tropical Storm,-999,0,0,1000000,0,NC,EST-5,131166,Z,40,RAH,0,0,33.82,-76.27,90,952,1,1,0,1000000
787775,WAKE (ZONE),9/13/2018,2300,Tropical Storm,-999,0,0,1000000,0,NC,EST-5,131166,Z,41,RAH,0,0,33.82,-76.27,90,952,1,1,0,1000000
787769,FRANKLIN (ZONE),9/13/2018,2300,Tropical Storm,-999,0,0,500000,0,NC,EST-5,131166,Z,26,RAH,0,0,33.82,-76.27,90,952,1,1,0,500000
787778,RICHMOND (ZONE),9/13/2018,2300,Tropical Storm,12.56,0,0,1000000,0,NC,EST-5,131166,Z,84,RAH,0,0,33.82,-76.27,90,952,1,1,0,1000000
787776,MOORE (ZONE),9/13/2018,2300,Tropical Storm,-999,0,0,1000000,0,NC,EST-5,131166,Z,75,RAH,0,0,33.82,-76.27,90,952,1,1,0,1000000
787767,DURHAM (ZONE),9/14/2018,1751,Tropical Storm,10.98,0,0,0,25000,NC,EST-5,131166,Z,25,RAH,0,0,34,-78.4,65,969,0,0,0,25000
787774,MONTGOMERY (ZONE),9/15/2018,530,Tropical Storm,14.57,0,0,500000,0,NC,EST-5,131166,Z,74,RAH,0,0,33.7,-79.3,55,986,0,1,0,500000
787176,ANSON (ZONE),9/15/2018,530,Tropical Storm,-999,0,0,500000,0,NC,EST-5,131166,Z,83,RAH,0,0,33.7,-79.3,55,986,0,1,0,500000
787777,STANLY (ZONE),9/15/2018,530,Tropical Storm,-999,0,0,500000,0,NC,EST-5,131166,Z,73,RAH,0,0,33.59,-79.63,52,994,0,1,0,500000
786496,ROBESON (ZONE),9/15/2018,1509,Tropical Storm,18.54,0,0,40000,0,NC,EST-5,130719,Z,87,ILM,0,0,33.59,-79.63,52,994,0,0,0,40000
786497,ROBESON (ZONE),9/15/2018,1529,Tropical Storm,18.54,0,0,20000,0,NC,EST-5,130719,Z,87,ILM,0,0,35,-82.2,25,1007,-1,0,0,20000
791223,COLUMBUS (ZONE),10/11/2018,1020,Tropical Storm,-999,0,0,1000,0,NC,EST-5,132241,Z,99,ILM,0,0,33.43,-82.48,47,983,0,0,0,1000
791108,ALEXANDER (ZONE),10/11/2018,1100,Tropical Storm,-999,0,0,1000,0,NC,EST-5,132213,Z,35,GSP,0,0,34.1,-81.7,45,987,0,0,0,1000
789610,ALAMANCE (ZONE),10/11/2018,1100,Tropical Storm,-999,0,0,500000,0,NC,EST-5,131955,Z,23,RAH,0,0,34.1,-81.7,45,987,0,1,0,500000
789609,CHATHAM (ZONE),10/11/2018,1100,Tropical Storm,-999,0,0,500000,0,NC,EST-5,131955,Z,40,RAH,0,0,34.1,-81.7,45,987,0,1,0,500000
789606,RANDOLPH (ZONE),10/11/2018,1100,Tropical Storm,-999,0,0,500000,0,NC,EST-5,131955,Z,39,RAH,0,0,34.1,-81.7,45,987,0,1,0,500000
789608,DAVIDSON (ZONE),10/11/2018,1100,Tropical Storm,4.87,0,0,500000,0,NC,EST-5,131955,Z,38,RAH,0,0,34.1,-81.7,45,987,0,1,0,500000
789621,MOORE (ZONE),10/11/2018,1100,Tropical Storm,-999,0,0,100000,0,NC,EST-5,131955,Z,75,RAH,0,0,34.1,-81.7,45,987,0,0,0,100000
789617,STANLY (ZONE),10/11/2018,1100,Tropical Storm,-999,0,0,50000,0,NC,EST-5,131955,Z,73,RAH,0,0,34.1,-81.7,45,987,0,0,0,50000
789604,FORSYTH (ZONE),10/11/2018,1100,Tropical Storm,-999,0,0,500000,0,NC,EST-5,131955,Z,21,RAH,0,0,34.1,-81.7,45,987,0,1,0,500000
789600,GUILFORD (ZONE),10/11/2018,1100,Tropical Storm,4.41,0,0,1500000,0,NC,EST-5,131955,Z,22,RAH,0,0,34.1,-81.7,45,987,0,2,0,1500000
789623,HOKE (ZONE),10/11/2018,1100,Tropical Storm,-999,0,0,25000,0,NC,EST-5,131955,Z,86,RAH,0,0,34.1,-81.7,45,987,0,0,0,25000
789622,SCOTLAND (ZONE),10/11/2018,1100,Tropical Storm,-999,0,0,25000,0,NC,EST-5,131955,Z,85,RAH,0,0,34.1,-81.7,45,987,0,0,0,25000
789620,RICHMOND (ZONE),10/11/2018,1100,Tropical Storm,2.85,0,0,50000,0,NC,EST-5,131955,Z,84,RAH,0,0,34.1,-81.7,45,987,0,0,0,50000
789619,MONTGOMERY (ZONE),10/11/2018,1100,Tropical Storm,4.11,0,0,50000,0,NC,EST-5,131955,Z,74,RAH,0,0,34.1,-81.7,45,987,0,0,0,50000
789618,ANSON (ZONE),10/11/2018,1100,Tropical Storm,6.29,0,0,50000,0,NC,EST-5,131955,Z,83,RAH,0,0,34.1,-81.7,45,987,0,0,0,50000
791119,UNION (ZONE),10/11/2018,1100,Tropical Storm,3.38,0,0,5000,0,NC,EST-5,132213,Z,82,GSP,0,0,34.1,-81.7,45,987,0,0,0,5000
791118,ROWAN (ZONE),10/11/2018,1100,Tropical Storm,0.41,0,0,1000,0,NC,EST-5,132213,Z,57,GSP,0,0,34.1,-81.7,45,987,0,0,0,1000
791117,MECKLENBURG (ZONE),10/11/2018,1100,Tropical Storm,2.89,0,0,5000,0,NC,EST-5,132213,Z,71,GSP,0,0,34.1,-81.7,45,987,0,0,0,5000
791116,LINCOLN (ZONE),10/11/2018,1100,Tropical Storm,-999,0,0,1000,0,NC,EST-5,132213,Z,69,GSP,0,0,34.1,-81.7,45,987,0,0,0,1000
791115,IREDELL (ZONE),10/11/2018,1100,Tropical Storm,-999,0,0,20000,0,NC,EST-5,132213,Z,36,GSP,0,0,34.1,-81.7,45,987,0,0,0,20000
791113,GASTON (ZONE),10/11/2018,1100,Tropical Storm,3.37,0,0,1000,0,NC,EST-5,132213,Z,70,GSP,0,0,34.1,-81.7,45,987,0,0,0,1000
791112,DAVIE (ZONE),10/11/2018,1100,Tropical Storm,-999,0,0,1000,0,NC,EST-5,132213,Z,37,GSP,0,0,34.1,-81.7,45,987,0,0,0,1000
791111,CLEVELAND (ZONE),10/11/2018,1100,Tropical Storm,10.4,0,0,1000,0,NC,EST-5,132213,Z,68,GSP,0,0,34.1,-81.7,45,987,0,0,0,1000
791110,CATAWBA (ZONE),10/11/2018,1100,Tropical Storm,-999,0,0,5000,0,NC,EST-5,132213,Z,56,GSP,0,0,34.1,-81.7,45,987,0,0,0,5000
791109,CABARRUS (ZONE),10/11/2018,1100,Tropical Storm,-999,0,0,5000,0,NC,EST-5,132213,Z,72,GSP,0,0,34.1,-81.7,45,987,0,0,0,5000
789624,LEE (ZONE),10/11/2018,1200,Tropical Storm,-999,0,0,100000,0,NC,EST-5,131955,Z,76,RAH,0,0,34.1,-81.7,45,987,0,0,0,100000
789627,JOHNSTON (ZONE),10/11/2018,1200,Tropical Storm,-999,0,0,100000,0,NC,EST-5,131955,Z,42,RAH,0,0,34.1,-81.7,45,987,0,0,0,100000
789626,CUMBERLAND (ZONE),10/11/2018,1200,Tropical Storm,1.94,0,0,100000,0,NC,EST-5,131955,Z,88,RAH,0,0,34.1,-81.7,45,987,0,0,0,100000
789615,DURHAM (ZONE),10/11/2018,1200,Tropical Storm,2.7,0,0,200000,0,NC,EST-5,131955,Z,25,RAH,0,0,34.1,-81.7,45,987,0,0,0,200000
789616,WAKE (ZONE),10/11/2018,1200,Tropical Storm,2.7,0,1,200000,0,NC,EST-5,131955,Z,41,RAH,0,0,34.1,-81.7,45,987,0,0,1,200000
789614,VANCE (ZONE),10/11/2018,1200,Tropical Storm,-999,0,0,500000,0,NC,EST-5,131955,Z,9,RAH,0,0,34.1,-81.7,45,987,0,1,0,500000
789613,GRANVILLE (ZONE),10/11/2018,1200,Tropical Storm,3.07,0,0,500000,0,NC,EST-5,131955,Z,8,RAH,0,0,34.1,-81.7,45,987,0,1,0,500000
789612,PERSON (ZONE),10/11/2018,1200,Tropical Storm,-999,0,0,500000,0,NC,EST-5,131955,Z,7,RAH,0,0,34.1,-81.7,45,987,0,1,0,500000
789611,ORANGE (ZONE),10/11/2018,1200,Tropical Storm,6.9,0,0,500000,0,NC,EST-5,131955,Z,24,RAH,0,0,34.1,-81.7,45,987,0,1,0,500000
789625,HARNETT (ZONE),10/11/2018,1200,Tropical Storm,-999,0,0,100000,0,NC,EST-5,131955,Z,77,RAH,0,0,34.1,-81.7,45,987,0,1,0,100000
789633,EDGECOMBE (ZONE),10/11/2018,1300,Tropical Storm,-999,0,0,250000,0,NC,EST-5,131955,Z,28,RAH,0,0,34.1,-81.7,45,987,0,0,0,250000
789628,FRANKLIN (ZONE),10/11/2018,1300,Tropical Storm,-999,0,0,250000,0,NC,EST-5,131955,Z,26,RAH,0,0,34.1,-81.7,45,987,0,0,0,250000
789634,NASH (ZONE),10/11/2018,1300,Tropical Storm,-999,0,0,250000,0,NC,EST-5,131955,Z,27,RAH,0,0,34.1,-81.7,45,987,0,0,0,250000
789632,WILSON (ZONE),10/11/2018,1300,Tropical Storm,-999,0,0,250000,0,NC,EST-5,131955,Z,43,RAH,0,0,34.1,-81.7,45,987,0,0,0,250000
789631,HALIFAX (ZONE),10/11/2018,1300,Tropical Storm,-999,0,0,250000,0,NC,EST-5,131955,Z,11,RAH,0,0,34.1,-81.7,45,987,0,0,0,250000
789630,WARREN (ZONE),10/11/2018,1300,Tropical Storm,-999,0,0,250000,0,NC,EST-5,131955,Z,10,RAH,0,0,34.1,-81.7,45,987,0,0,0,250000
789597,WAKE (ZONE),9/5/2019,1032,Tropical Storm,2.29,0,0,1500,0,NC,EST-5,142735,Z,41,RAH,0,0,31.76,-79.42,100,958,0,0,0,1500
789574,JOHNSTON (ZONE),9/5/2019,2015,Tropical Storm,6.64,0,0,5000,0,NC,EST-5,142735,Z,42,RAH,0,0,33.04,-78.45,92,957,1,0,0,5000
789563,CUMBERLAND (ZONE),9/5/2019,2200,Tropical Storm,6.18,0,0,1000000,0,NC,EST-5,142735,Z,88,RAH,0,0,33.04,-78.45,92,957,1,1,0,1000000
789578,WAYNE (ZONE),9/5/2019,2200,Tropical Storm,7.97,0,0,1000000,0,NC,EST-5,142735,Z,78,RAH,0,0,33.04,-78.45,92,957,1,1,0,1000000
789949,SAMPSON (ZONE),9/5/2019,2200,Tropical Storm,10.45,0,0,1000000,0,NC,EST-5,142735,Z,89,RAH,0,0,33.04,-78.45,92,957,1,1,0,1000000
789588,HOKE (ZONE),9/5/2019,2200,Tropical Storm,3.06,0,0,500000,0,NC,EST-5,142735,Z,86,RAH,0,0,33.04,-78.45,92,957,1,1,0,500000
789565,HARNETT (ZONE),9/5/2019,2200,Tropical Storm,6.4,0,0,500000,0,NC,EST-5,142735,Z,77,RAH,0,0,33.04,-78.45,92,957,1,1,0,500000
857928,SCOTLAND (ZONE),9/5/2019,2200,Tropical Storm,1.26,0,0,500000,0,NC,EST-5,142735,Z,85,RAH,0,0,33.04,-78.45,92,957,1,1,0,500000
857429,JOHNSTON (ZONE),9/5/2019,2200,Tropical Storm,6.64,0,0,500000,0,NC,EST-5,142735,Z,42,RAH,0,0,33.04,-78.45,92,957,1,1,0,500000
849838,PASQUOTANK (ZONE),9/5/2019,2300,Tropical Storm,6.56,0,0,25000,0,NC,EST-5,142904,Z,15,AKQ,0,0,33.04,-78.45,92,957,1,0,0,25000
856821,CAMDEN (ZONE),9/5/2019,2300,Tropical Storm,-999,0,0,25000,0,NC,EST-5,142904,Z,16,AKQ,0,0,33.04,-78.45,92,957,1,0,0,25000
856820,GATES (ZONE),9/5/2019,2300,Tropical Storm,2.2,0,0,15000,0,NC,EST-5,142904,Z,14,AKQ,0,0,33.04,-78.45,92,957,1,0,0,15000
856815,BERTIE (ZONE),9/5/2019,2300,Tropical Storm,2.52,0,0,15000,0,NC,EST-5,142904,Z,30,AKQ,0,0,33.04,-78.45,92,957,1,0,0,15000
857927,CHOWAN (ZONE),9/5/2019,2300,Tropical Storm,4.9,0,0,20000,0,NC,EST-5,142904,Z,31,AKQ,0,0,33.04,-78.45,92,957,1,0,0,20000
857427,PERQUIMANS (ZONE),9/5/2019,2300,Tropical Storm,5.61,0,0,20000,0,NC,EST-5,142904,Z,32,AKQ,0,0,33.04,-78.45,92,957,1,0,0,20000
856825,EDGECOMBE (ZONE),9/6/2019,0,Tropical Storm,3.5,0,0,500000,0,NC,EST-5,142735,Z,28,RAH,0,0,33.4,-77.9,90,956,1,1,0,500000
849835,HALIFAX (ZONE),9/6/2019,0,Tropical Storm,0.75,0,0,500000,0,NC,EST-5,142735,Z,11,RAH,0,0,33.4,-77.9,90,956,1,1,0,500000
857407,NASH (ZONE),9/6/2019,0,Tropical Storm,3.02,0,0,500000,0,NC,EST-5,142735,Z,27,RAH,0,0,33.4,-77.9,90,956,1,1,0,500000
857405,WILSON (ZONE),9/6/2019,0,Tropical Storm,4.38,0,0,500000,0,NC,EST-5,142735,Z,43,RAH,0,0,33.4,-77.9,90,956,1,1,0,500000
857411,JOHNSTON (ZONE),8/3/2020,2300,Tropical Storm,4.24,0,0,500000,0,NC,EST-5,152218,Z,42,RAH,0,0,31.92,-79.47,72,988,0,1,0,500000
857410,HARNETT (ZONE),8/3/2020,2300,Tropical Storm,3.27,0,0,500000,0,NC,EST-5,152218,Z,77,RAH,0,0,31.92,-79.47,72,988,0,1,0,500000
857409,SAMPSON (ZONE),8/3/2020,2300,Tropical Storm,3.82,0,0,500000,0,NC,EST-5,152218,Z,89,RAH,0,0,31.92,-79.47,72,988,0,1,0,500000
857408,CUMBERLAND (ZONE),8/3/2020,2300,Tropical Storm,2.94,0,0,500000,0,NC,EST-5,152218,Z,88,RAH,0,0,31.92,-79.47,72,988,0,1,0,500000
849834,WAYNE (ZONE),8/3/2020,2300,Tropical Storm,5.29,0,0,1000000,0,NC,EST-5,152218,Z,78,RAH,0,0,31.92,-79.47,72,988,0,2,0,1000000
857926,FRANKLIN (ZONE),8/4/2020,0,Tropical Storm,3.12,0,0,250000,0,NC,EST-5,152218,Z,26,RAH,0,0,32.8,-79.1,80,986,1,0,0,250000
857925,WARREN (ZONE),8/4/2020,0,Tropical Storm,3.17,0,0,250000,0,NC,EST-5,152218,Z,10,RAH,0,0,32.8,-79.1,80,986,1,0,0,250000
856826,WAKE (ZONE),8/4/2020,0,Tropical Storm,4.01,0,0,250000,0,NC,EST-5,152218,Z,41,RAH,0,0,32.8,-79.1,80,986,1,0,0,250000
919647,HALIFAX (ZONE),8/4/2020,0,Tropical Storm,4,0,0,1000000,0,NC,EST-5,152218,Z,11,RAH,0,0,32.8,-79.1,80,986,1,2,0,1000000
919653,NASH (ZONE),8/4/2020,0,Tropical Storm,3.24,0,0,1000000,0,NC,EST-5,152218,Z,27,RAH,0,0,32.8,-79.1,80,986,1,2,0,1000000
919646,WILSON (ZONE),8/4/2020,0,Tropical Storm,3.64,0,0,1000000,0,NC,EST-5,152218,Z,43,RAH,0,0,32.8,-79.1,80,986,1,2,0,1000000
919648,EDGECOMBE (ZONE),8/4/2020,0,Tropical Storm,4.17,0,0,1000000,0,NC,EST-5,152218,Z,28,RAH,0,0,32.8,-79.1,80,986,1,2,0,1000000
919655,HERTFORD (ZONE),8/4/2020,100,Tropical Storm,2.31,0,0,500000,0,NC,EST-5,151991,Z,13,AKQ,0,0,32.8,-79.1,80,986,1,1,0,500000
919656,GRANVILLE (ZONE),8/4/2020,100,Tropical Storm,5.06,0,0,5000,0,NC,EST-5,152218,Z,8,RAH,0,0,32.8,-79.1,80,986,1,0,0,5000
919654,BERTIE (ZONE),8/4/2020,100,Tropical Storm,2.33,0,0,500000,0,NC,EST-5,151991,Z,30,AKQ,0,0,32.8,-79.1,80,986,1,1,0,500000
909045,NORTHAMPTON (ZONE),8/4/2020,100,Tropical Storm,3.84,0,0,150000,0,NC,EST-5,151991,Z,12,AKQ,0,0,32.8,-79.1,80,986,1,0,0,150000
909807,PASQUOTANK (ZONE),8/4/2020,100,Tropical Storm,1.21,0,0,500000,0,NC,EST-5,151991,Z,15,AKQ,0,0,32.8,-79.1,80,986,1,1,0,500000
917031,PERQUIMANS (ZONE),8/4/2020,100,Tropical Storm,1.48,0,0,500000,0,NC,EST-5,151991,Z,32,AKQ,0,0,32.8,-79.1,80,986,1,1,0,500000
919657,WESTERN CURRITUCK (ZONE),8/4/2020,100,Tropical Storm,2.35,0,0,500000,0,NC,EST-5,151991,Z,17,AKQ,0,0,32.8,-79.1,80,986,1,1,0,500000
917015,CAMDEN (ZONE),8/4/2020,100,Tropical Storm,1.45,0,0,500000,0,NC,EST-5,151991,Z,16,AKQ,0,0,32.8,-79.1,80,986,1,1,0,500000
909046,CHOWAN (ZONE),8/4/2020,100,Tropical Storm,3.52,0,0,500000,0,NC,EST-5,151991,Z,31,AKQ,0,0,32.8,-79.1,80,986,1,1,0,500000
909041,EASTERN CURRITUCK (ZONE),8/4/2020,100,Tropical Storm,2.35,0,0,500000,0,NC,EST-5,151991,Z,102,AKQ,0,0,32.8,-79.1,80,986,1,1,0,500000
909039,GATES (ZONE),8/4/2020,100,Tropical Storm,2.5,0,0,250000,0,NC,EST-5,151991,Z,14,AKQ,0,0,32.8,-79.1,80,986,1,0,0,250000
909792,ASHE (ZONE),10/29/2020,519,Tropical Storm,-999,0,0,6000,0,NC,EST-5,153855,Z,1,RNK,0,0,32.8,-87.5,60,986,1,0,0,6000
917033,WATAUGA (ZONE),10/29/2020,600,Tropical Storm,2.48,0,0,5000,0,NC,EST-5,153855,Z,18,RNK,0,0,32.8,-87.5,60,986,1,0,0,5000
917026,MCDOWELL MOUNTAINS (ZONE),10/29/2020,700,Tropical Storm,-999,0,0,20000,0,NC,EST-5,153851,Z,505,GSP,0,0,32.8,-87.5,60,986,0,0,0,20000
926381,EASTERN MCDOWELL (ZONE),10/29/2020,700,Tropical Storm,-999,0,0,30000,0,NC,EST-5,153851,Z,506,GSP,0,0,32.8,-87.5,60,986,0,0,0,30000
